,Initial Value,Final Value,Total Return,Return Percentage
ucb,100000.0,176911.45454855746,76911.45454855746,76.91145454855747
epsilon_greedy,100000.0,176939.45876803176,76939.45876803176,76.93945876803177
thompson,100000.0,181772.6839763521,81772.6839763521,81.7726839763521
